Epoch,Train_Loss,Val_Loss,Dice_Score,clDice_Score,Combined_Score,Dice_Std,clDice_std,Best_Score,Time
0,4.706501,N/A,0.069427,0.279877,0.174652,0.030352,0.026544,0.174652,233.81
1,2.905579,N/A,0.077647,0.487295,0.282471,0.024928,0.017004,0.282471,444.38
2,2.546387,N/A,0.074809,0.509336,0.292073,0.024247,0.013138,0.292073,506.62
3,2.394395,N/A,0.078413,0.509195,0.293804,0.025808,0.014665,0.293804,512.01
4,2.055610,N/A,0.784494,0.803959,0.794227,0.117509,0.029608,0.794227,516.32
5,1.530188,N/A,0.804171,0.820380,0.812276,0.104032,0.028135,0.812276,514.33
6,1.434192,N/A,0.672642,0.701598,0.687120,0.187543,0.041495,0.812276,504.19
7,1.359576,N/A,0.838022,0.845047,0.841534,0.102389,0.026713,0.841534,507.56
8,1.281999,N/A,0.841299,0.846228,0.843764,0.092179,0.029095,0.843764,503.32
9,1.263438,N/A,0.734415,0.765126,0.749771,0.200446,0.043096,0.843764,501.85
10,1.256299,N/A,0.849163,0.852768,0.850965,0.106764,0.031280,0.850965,496.91
11,1.184432,N/A,0.832371,0.835676,0.834024,0.103414,0.028821,0.850965,494.60
12,1.166921,N/A,0.856103,0.856472,0.856288,0.102361,0.023794,0.856288,496.16
13,1.177796,N/A,0.853987,0.854922,0.854454,0.097642,0.026866,0.856288,492.59
14,1.153541,N/A,0.862978,0.863798,0.863388,0.092946,0.024003,0.863388,490.97
15,1.113478,N/A,0.867377,0.867978,0.867677,0.096109,0.027967,0.867677,492.77
16,1.126724,N/A,0.866692,0.872554,0.869623,0.099761,0.026341,0.869623,491.20
17,1.072236,N/A,0.874057,0.874903,0.874480,0.085552,0.022840,0.874480,490.81
18,1.079929,N/A,0.857932,0.858864,0.858398,0.099893,0.027619,0.874480,484.74
19,1.098891,N/A,0.756596,0.769313,0.762954,0.189221,0.047856,0.874480,485.37
20,1.059028,N/A,0.868109,0.867529,0.867819,0.093433,0.025534,0.874480,483.18
21,1.081854,N/A,0.847590,0.852330,0.849960,0.119278,0.028529,0.874480,486.01
22,1.018771,N/A,0.877954,0.879380,0.878667,0.094172,0.023913,0.878667,480.80
23,1.008794,N/A,0.883146,0.884440,0.883793,0.080791,0.022412,0.883793,482.48
24,1.008566,N/A,0.862963,0.863040,0.863002,0.100236,0.026549,0.883793,482.67
25,1.028716,N/A,0.881074,0.882764,0.881919,0.088938,0.026777,0.883793,476.29
26,1.008539,N/A,0.870356,0.873408,0.871882,0.092486,0.028633,0.883793,478.42
27,1.037366,N/A,0.872959,0.875020,0.873989,0.096814,0.025269,0.883793,473.47
28,0.989565,N/A,0.874250,0.876237,0.875244,0.090728,0.024283,0.883793,476.23
29,0.967256,N/A,0.884818,0.886064,0.885441,0.086116,0.024655,0.885441,480.07
30,0.991683,N/A,0.808385,0.821258,0.814821,0.181664,0.040374,0.885441,476.78
31,0.971394,N/A,0.890062,0.893031,0.891547,0.081740,0.022983,0.891547,477.70
32,0.960146,N/A,0.885056,0.889450,0.887253,0.082828,0.025639,0.891547,477.36
33,0.943658,N/A,0.883477,0.888352,0.885914,0.086667,0.026829,0.891547,475.89
34,0.939690,N/A,0.882297,0.882767,0.882532,0.086230,0.025011,0.891547,474.84
35,0.916985,N/A,0.887877,0.889643,0.888760,0.089272,0.022573,0.891547,469.77
36,0.927902,N/A,0.890130,0.894113,0.892121,0.088369,0.022404,0.892121,478.64
37,0.913947,N/A,0.891197,0.892562,0.891880,0.083115,0.020220,0.892121,487.89
38,0.929842,N/A,0.884388,0.885590,0.884989,0.095059,0.027494,0.892121,491.56
39,0.907423,N/A,0.884816,0.886583,0.885699,0.081147,0.023751,0.892121,492.57
40,0.909692,N/A,0.892046,0.893430,0.892738,0.079619,0.020498,0.892738,498.11
41,0.893807,N/A,0.887799,0.889358,0.888578,0.083009,0.022779,0.892738,503.72
42,0.889258,N/A,0.884237,0.886135,0.885186,0.087609,0.025781,0.892738,504.58
43,0.896585,N/A,0.893368,0.895057,0.894212,0.079877,0.021066,0.894212,501.37
44,0.881022,N/A,0.893208,0.896359,0.894784,0.084453,0.022422,0.894784,509.58
45,0.871401,N/A,0.893635,0.896847,0.895241,0.082659,0.022006,0.895241,511.42
46,0.864091,N/A,0.892935,0.895541,0.894238,0.087447,0.023460,0.895241,507.14
47,0.906201,N/A,0.886185,0.888960,0.887573,0.097969,0.025704,0.895241,512.19
48,0.895575,N/A,0.890925,0.892992,0.891959,0.085517,0.025495,0.895241,515.25
49,0.860832,N/A,0.890978,0.893021,0.891999,0.091381,0.023410,0.895241,519.41
50,0.851896,0.911174,0.891474,0.894612,0.893043,0.088159,0.022066,0.895241,520.27
51,0.877623,N/A,0.891338,0.894191,0.892765,0.082949,0.022578,0.895241,519.30
52,0.858199,N/A,0.892125,0.894213,0.893169,0.078310,0.023512,0.895241,520.75
53,0.841415,N/A,0.897974,0.900609,0.899292,0.074142,0.022673,0.899292,524.70
54,0.825838,N/A,0.896665,0.899211,0.897938,0.077849,0.021885,0.899292,524.41
55,0.824122,N/A,0.895345,0.897744,0.896544,0.081346,0.021660,0.899292,525.76
56,0.874716,N/A,0.894830,0.896386,0.895608,0.080666,0.022660,0.899292,528.40
57,0.864743,N/A,0.892614,0.895022,0.893818,0.083802,0.022288,0.899292,525.94
58,0.830505,N/A,0.869434,0.871885,0.870660,0.119979,0.032968,0.899292,529.30
59,0.830767,N/A,0.894292,0.898832,0.896562,0.087766,0.023637,0.899292,530.75
60,0.809092,0.910035,0.892600,0.896284,0.894442,0.095327,0.023684,0.899292,539.05
61,0.825762,N/A,0.896551,0.899183,0.897867,0.080505,0.021708,0.899292,530.94
62,0.805147,N/A,0.896102,0.897915,0.897008,0.079438,0.021925,0.899292,534.84
63,0.818335,N/A,0.894533,0.896191,0.895362,0.081070,0.024269,0.899292,535.23
64,0.801716,N/A,0.899383,0.902586,0.900985,0.082100,0.020388,0.900985,538.17
65,0.804213,N/A,0.896773,0.898402,0.897588,0.077664,0.020125,0.900985,536.58
66,0.792871,N/A,0.894060,0.895992,0.895026,0.080907,0.020324,0.900985,536.54
67,0.797688,N/A,0.877968,0.883974,0.880971,0.106563,0.029597,0.900985,538.63
68,0.817087,N/A,0.899289,0.901612,0.900450,0.075236,0.023601,0.900985,535.85
69,0.814806,N/A,0.897224,0.898964,0.898094,0.074113,0.024615,0.900985,535.53
70,0.812217,0.897263,0.893894,0.896995,0.895445,0.082299,0.024297,0.900985,545.76
71,0.788752,N/A,0.901993,0.905175,0.903584,0.076541,0.023134,0.903584,536.46
72,0.765781,N/A,0.899033,0.901934,0.900484,0.080018,0.023283,0.903584,540.17
73,0.782087,N/A,0.898874,0.901567,0.900220,0.073634,0.023196,0.903584,541.04
74,0.773314,N/A,0.894437,0.896220,0.895328,0.078758,0.024941,0.903584,542.70
75,0.772323,N/A,0.897892,0.901524,0.899708,0.084685,0.025789,0.903584,542.94
76,0.769128,N/A,0.894667,0.896446,0.895556,0.080943,0.021419,0.903584,545.10
77,0.754746,N/A,0.897456,0.900559,0.899008,0.082906,0.023690,0.903584,540.87
78,0.756986,N/A,0.901124,0.904539,0.902832,0.077708,0.022969,0.903584,538.77
79,0.774247,N/A,0.899846,0.902716,0.901281,0.078087,0.024241,0.903584,546.81
80,0.791331,1.012535,0.877581,0.880836,0.879208,0.112871,0.026068,0.903584,549.03
81,0.758868,N/A,0.899088,0.902197,0.900642,0.083294,0.022458,0.903584,543.77
82,0.764075,N/A,0.895372,0.897356,0.896364,0.082396,0.022983,0.903584,543.35
83,0.747316,N/A,0.901512,0.904353,0.902933,0.074617,0.021329,0.903584,543.35
84,0.762320,N/A,0.896856,0.897813,0.897334,0.079877,0.022431,0.903584,543.18
85,0.769381,0.857934,0.898640,0.901189,0.899914,0.076958,0.021639,0.903584,553.32
86,0.753500,N/A,0.893223,0.894986,0.894105,0.078724,0.024842,0.903584,538.89
87,0.846451,N/A,0.891138,0.893524,0.892331,0.095239,0.025472,0.903584,549.16
88,0.793616,N/A,0.897752,0.900271,0.899011,0.084248,0.022292,0.903584,546.27
89,0.744182,N/A,0.902047,0.905104,0.903575,0.079864,0.021145,0.903584,537.33
90,0.736004,0.881884,0.894469,0.896668,0.895568,0.082119,0.020962,0.903584,556.77
91,0.736544,0.837762,0.902076,0.905704,0.903890,0.079646,0.022960,0.903890,557.57
92,0.723900,0.886712,0.892377,0.893127,0.892752,0.085037,0.023859,0.903890,558.28
93,0.728950,0.880490,0.895549,0.896945,0.896247,0.081532,0.023873,0.903890,549.56
94,0.720783,1.180770,0.849755,0.850946,0.850350,0.117196,0.035008,0.903890,549.42
95,0.794650,0.864586,0.897817,0.899951,0.898884,0.077296,0.021694,0.903890,557.62
96,0.727789,0.897433,0.891984,0.892644,0.892314,0.079199,0.023650,0.903890,555.85
97,0.719836,0.838325,0.901246,0.904239,0.902743,0.078513,0.020394,0.903890,554.40
98,0.706938,0.813798,0.904941,0.908093,0.906517,0.075972,0.021699,0.906517,553.07
99,0.710798,0.825376,0.903275,0.906632,0.904953,0.078696,0.019687,0.906517,553.63
